Company,Company Website,Careers Page URL,Job Board URL,Stoke Level,Connections,📨 Applications
" Inc.",,,,,,
AT&T/Xandr,https://xandr.jobs,,https://www.xandr.jobs/category/engineering-jobs/25348/29165/1,,,
Addepar,https://addepar.com,https://addepar.com/careers,https://addepar.com/careers#greenhouse-jobs,,,
AWS,https://aws.com,,https://aws.amazon.com/careers/,,,
Adobe,https://adobe.com,,https://careers.adobe.com/us/en/,,,
Airbnb,https://airbnb.com,,https://careers.airbnb.com/,,,
Alibaba,https://alibaba.com,,,,,
Amazon,https://amazon.com,,https://www.amazon.jobs/en/,,,
Apple,https://apple.com,,https://www.apple.com/careers/us/,,,
American Express (Amex),"https://www.americanexpress.com/, https://americanexpress.com, https://www.americanexpress.com/",https://www.americanexpress.com/en-us/careers/,https://www.americanexpress.com/en-us/careers/,,,
Anduril,https://anduril.com,,https://www.anduril.com/careers/,,,
Aspire App,"https://aspireapp.com/, https://aspireapp.com, https://aspireapp.com/",https://aspireapp.com/careers,https://job-boards.greenhouse.io/aspire,,,
AshbyHQ,"https://www.ashbyhq.com/, https://ashbyhq.com, https://www.ashbyhq.com/",https://www.ashbyhq.com/careers,https://www.ashbyhq.com/careers,,,
Atticus,"https://www.atticus.com/, https://atticus.com",,https://www.atticus.com/,,,
Atlassian,"https://www.atlassian.com/, https://atlassian.com, https://www.atlassian.com/",https://www.atlassian.com/company/careers,https://www.atlassian.com/company/careers/all-jobs,,,
Autodesk,https://autodesk.taleo.net,,https://autodesk.taleo.net/careersection/adsk_gen/jobsearch.ftl?keyword=software+engineering+manager&ignoreSavedQuery=true,,,
Bain,https://bain.com,,https://www.bain.com/careers/,,,
Back Market,https://backmarket.com,https://www.backmarket.com/en-us/careers,https://www.backmarket.com/en-us/careers/home,,,
BCG,https://bcg.com,,https://careers.bcg.com/global/en/,,,
BioIntelliSense,"https://www.biointellisense.com/, https://biointellisense.com, https://www.biointellisense.com/",,https://jobs.lever.co/biointellisense,,,
Block,https://block.xyz,https://block.xyz/careers,https://block.xyz/careers/jobs,,,
Blue Beam,https://bluebeam.com,,https://www.bluebeam.com/company/careers/,,,
Blue Jeans,https://bluejeans.com,,https://www.bluejeans.com/careers,,,
Bluebeam,https://www.bluebeam.com/,https://www.bluebeam.com/company/careers/,https://careers.nemetschek.com/Bluebeam/search/?createNewAlert=false&q=&optionsFacetsDD_customfield1=,,,
Braintree,https://braintree.com,,,,,
Brain,https://brain.io,https://braintreesolutions.com/careers/,,,,
Bright.md,https://bright.md,,https://www.bright.md/careers,,,
Brex,https://brex.com,,https://www.brex.com/careers#jobsBoard,,,
Bus Patrol,https://buspatrol.com,https://buspatrol.com/careers/,https://careers-buspatrol.icims.com/jobs/search?hashed=-625915759&mobile=false&width=1354&height=500&bga=true&needsRedirect=false&jan1offset=-420&jun1offset=-360,,,
Cardata,https://cardata.com,,,,,
CZI,https://czi.com,,https://chanzuckerberg.com/careers/,,,
Cdk global,https://cdkglobal.com,,https://careers.cdkglobal.com/,,,
Cedar,"https://www.cedar.com, https://cedar.com, https://www.cedar.com",https://www.cedar.com/open-roles/,https://www.cedar.com/open-roles/,,,
Carrot Fertility,https://carrotfertility.com,,,,,
Chainlink Labs,"https://chainlinklabs.com/, https://chainlinklabs.com, https://chainlinklabs.com/",https://chainlinklabs.com/careers,https://chainlinklabs.com/open-roles,,,
ChartRequest,"https://chartrequest.com/, https://chartrequest.com, https://chartrequest.com/",https://chartrequest.com/careers/,https://www.indeed.com/cmp/Chartrequest/jobs?__cf_chl_tk=n8cNThJM3eQcSwyeRh.9lj6Vq5QEvWfWKqlCk98wvEk-1743888408-1.0.1.1-N_hAkHGvHVpxVKPAFaMIBJQ1FxsJuhqKRhjndG7YbbI,,,
Chegg,https://chegg.co,,https://www.chegg.com/about/working-at-chegg/jobs/,,,
ClassDojo,https://classdojo.com,,,,,
ClickUp,https://clickup.com,,,,,
Clever,https://clever.io,,,,,
Compass,https://compass.com,,https://www.compass.com/careers/,,,
Collage,https://collage.com,,https://www.collage.co/careers,,,
Conversa,https://conversa.com,,,,,
CrowdStrike,"https://www.crowdstrike.com, https://crowdstrike.com, https://www.crowdstrike.com",https://www.crowdstrike.com/en-us/careers/?gad_source=1,https://crowdstrike.wd5.myworkdayjobs.com/crowdstrikecareers,,,
CreditKarma,https://creditkarma.com,,https://www.creditkarma.com/careers,,,
Dandy,https://dandy.com,,,,,
Deel,"https://www.deel.com, https://deel.com, https://www.deel.com",https://www.deel.com/careers,https://jobs.ashbyhq.com/Deel?__hstc=29278755.0e1ca237193f53252a5209956666304c.1743879883710.1743879883710.1743908451141.2&__hssc=29278755.2.1743908451141&__hsfp=1888264866,,,
Delta airlines,https://delta.com,,https://www.delta.com/us/en/careers/overview,,,
Denizen,"https://www.denizenhome.com/, https://denizenhome.com, https://www.denizenhome.com/",https://www.denizenhome.com/careers,https://denizen.bamboohr.com/careers,,,
Demand.io,"https://demand.io/, https://demand.io, https://demand.io/",https://www.linkedin.com/company/demand.io/jobs/,https://www.linkedin.com/company/demand.io/jobs/,,,
Discord,https://discord.com,https://discord.com/careers,https://discord.com/careers#all-jobs,,,
Discovery,https://jobs.discover.com,,https://jobs.discover.com/,,,
Docusign,https://docusign.com,,https://careers.docusign.com/jobs,,,
Docker,https://docker.com,,https://www.docker.com/career-openings/,,,
Doordash,https://doordash.co,,,,,
Dropbox,https://dropbox.com,,https://jobs.dropbox.com/all-jobs,,,
EasyPost,https://easypost.com,https://www.easypost.com/careers,https://www.easypost.com/careers,,,
Earnest,https://earnest.com,,,,,
Engine,https://engine.com,https://engine.com/careers,https://engine.com/careers,,,
Ellevation Education,"https://ellevationeducation.com/, https://ellevationeducation.com, https://ellevationeducation.com/",https://ellevationeducation.com/careers,https://ellevationeducation.com/current-openings,,,
Expedia,https://careers.expediagroup.com,,https://careers.expediagroup.com/jobs/,,,
Fanatics,https://www.fanatics.com/,https://www.fanaticsinc.com/careers,https://fa-exki-saasfaprod1.fa.ocs.oraclecloud.com/hcmUI/CandidateExperience/en/sites/CX_1,,,
Fidelity,https://fidelity.com,https://jobs.fidelity.com/,https://jobs.fidelity.com/en/,,,
Fast Enterprise,,,,,,
Figma,https://figma.com,https://www.figma.com/careers/,https://www.figma.com/careers/#job-openings,,,
Fingerprint,"https://fingerprint.com/, https://fingerprint.com, https://fingerprint.com/",https://fingerprint.com/careers/,https://fingerprint.com/careers/jobs/,,,
Flexport,https://flexport.com,,https://www.flexport.com/careers/jobs/,,,
Flox,"https://flox.dev/, https://flox.dev, https://flox.dev/",https://flox.dev/careers/,https://flox.dev/careers/,,,
Fond,https://jobs.lever.co,,https://jobs.lever.co/fond,,,
GitHub,https://github.com,https://www.github.careers/careers-home,https://www.github.careers/careers-home/jobs,,,
Freshpaint,"freshpaint.io, https://freshpaint.io, freshpaint.io",,https://jobs.ashbyhq.com/freshpaint,,,
Forward Financing,"https://www.forwardfinancing.com/, https://forwardfinancing.com, https://www.forwardfinancing.com/",https://www.forwardfinancing.com/careers/,https://www.forwardfinancing.com/careers/open-jobs/,,,
GitLab,https://gitlab.com,https://about.gitlab.com/jobs/,https://about.gitlab.com/jobs/all-jobs/,,,
Goldman Sachs,https://goldmansachs.com,https://www.goldmansachs.com/careers,https://higher.gs.com/results?&page=1&sort=RELEVANCE,,,
GoodRx,https://goodrx.com,https://www.goodrx.com/jobs,https://goodrx.wd1.myworkdayjobs.com/careers,,,
Google,"google.com, https://google.com, google.com",https://www.google.com/about/careers/applications/,https://www.google.com/about/careers/applications/jobs/results/,,,
Grafana Labs,https://grafana.com,https://grafana.com/about/careers,https://grafana.com/about/careers/open-positions/,,,
Grid,https://grid.com,,,,,
Guidewheel,https://guidewheel.com,,,,,
Gusto,https://gusto.com,https://gusto.com/about/careers,https://gusto.com/about/careers/join-the-team,,,
Headway,https://headway.co,https://headway.co/careers,https://headway.co/careers#open-roles,,,
Headspace,"https://www.headspace.com, https://headspace.com, https://www.headspace.com",https://www.headspace.com/join-us,https://job-boards.greenhouse.io/hs,,,
HDQC,https://careers.homedepot.com,https://careers.homedepot.com/quotecenter,https://careers.homedepot.com/job-search-results?keyword=quotecenter,,,
Hims,"hims.com, https://hims.com, hims.com",https://www.hims.com/careers-professionals,https://jobs.ashbyhq.com/hims-and-hers,,,
Healthie,,,,,,
Hobsons,https://hobsons.com,,,,,
Hiro,"https://www.hiro.so, https://hiro.so, https://www.hiro.so",https://www.hiro.so/careers#open-positions,https://www.hiro.so/careers#open-positions,,,
Inrix,https://inrix.com,https://inrix.com/careers/,https://inrix.com/careers/,,,
Honey,https://honey.co,,,,,
Hubspot,https://hubspot.com,https://www.hubspot.com/careers,https://www.hubspot.com/careers/jobs?hubs_signup-url=www.hubspot.com%2Fcareers&hubs_signup-cta=careers-homepage-hero&page=1,,,
Invoice2go,https://invoice2go.com,https://invoice.2go.com/careers/,https://www.bill.com/jobs,,,
Intuit,https://intuit.com,https://www.intuit.com/careers/,https://jobs.intuit.com/search-jobs/,,,
Interwell Health,"https://www.interwellhealth.com/, https://interwellhealth.com, https://www.interwellhealth.com/",https://www.interwellhealth.com/who-we-are/careers,https://www.interwellhealth.com/who-we-are/careers#careers-job-list,,,
Jama,https://jamasoftware.com,https://www.jamasoftware.com/company/careers/,https://www.jamasoftware.com/company/careers/#careers,,,
Iotas,,,,,,
Kroger,https://kroger.com,,https://www.krogerfamilycareers.com/en/sites/CX_2001/jobs?mode=location,,,
Knock.com,https://knock.com,https://www.knock.com/careers,https://www.knock.com/careers#current-openings,,,
Kaufman Hall,https://kaufmanhall.com,https://www.kaufmanhall.com/about-us/careers,https://kaufmanhall.applytojob.com/apply,,,
Kustomer,"https://www.kustomer.com/, https://kustomer.com, https://www.kustomer.com/",https://www.kustomer.com/careers,https://www.kustomer.com/careers/?_gl=1*1ofvggi*_up*MQ..*_gs*MQ,,,
Kyruus Health,"https://kyruushealth.com/, https://kyruushealth.com, https://kyruushealth.com/",https://kyruushealth.com/careers/,https://jobs.lever.co/kyruushealth,,,
Lululemon,https://lululemon.com,https://corporate.lululemon.com/careers,https://careers.lululemon.com/en_US/careers?_ga=2.37572264.946942585.1743573846-1992018677.1743573845,,,
LinkedIn,https://linkedin.com,https://careers.linkedin.com/WhyLinkedIn,https://www.linkedin.com/company/linkedin/jobs/?src=or-search&veh=www.google.com,,,
Looker,https://looker.com,,,,,
Lumi,https://lumi.com,,https://www.lumi.com/jobs,,,
Lyft,https://lyft.com,https://www.lyft.com/careers,https://www.lyft.com/careers#openings,,,
Mattermost,"https://mattermost.com/, https://mattermost.com, https://mattermost.com/",https://mattermost.com/careers/,https://jobs.lever.co/mattermost/,,,
Machinify,https://machinify.com,,,,,
Maven,https://mavenclinic.com,https://www.mavenclinic.com/careers#find-your-place-here,https://www.mavenclinic.com/careers,,,
McKinsey,https://mckinsey.com,https://www.mckinsey.com/careers/search-jobs,https://www.mckinsey.com/careers/search-jobs,,,
McKinsey Digital Labs,https://mckinsey.com,https://www.mckinsey.com/careers,https://www.mckinsey.com/careers/search-jobs?interest=Digital,,,
Mercury,https://mercury.com,https://mercury.com/jobs,https://mercury.com/jobs#job-listings,,,
Microsoft,https://microsoft.com,https://careers.microsoft.com/v2/global/en/home.html,,,,
Meta,"https://www.meta.com/, https://meta.com, https://www.meta.com/",https://www.metacareers.com/,https://www.metacareers.com/jobs/,,,
MikMak,"http://mikmak.com/, https://mikmak.com, http://mikmak.com/",https://www.mikmak.com/join,https://www.mikmak.com/join,,,
Miter,"https://www.miter.com/, https://miter.com, https://www.miter.com/",https://jobs.ashbyhq.com/miter,https://jobs.ashbyhq.com/miter,,,
MyFitnessPal,"https://www.myfitnesspal.com/, https://myfitnesspal.com, https://www.myfitnesspal.com/",https://job-boards.greenhouse.io/myfitnesspal,https://job-boards.greenhouse.io/myfitnesspal,,,
Mosaic,"https://www.mosaicapp.com/, https://mosaicapp.com, https://www.mosaicapp.com/",,https://apply.workable.com/mosaic-app/?lng=en,,,
NVIDIA,https://nvidia.com,https://www.nvidia.com/en-us/about-nvidia/careers/,https://nvidia.wd5.myworkdayjobs.com/NVIDIAExternalCareerSite,,,
Netflix,https://jobs.netflix.com,https://jobs.netflix.com/,,,,
NWEA,https://nwea.org,https://www.nwea.org/careers/,https://careers.hmhco.com/search,,,
Netlify,https://netlify.com,https://www.netlify.com/careers/,https://www.netlify.com/careers/#perfect-job,,,
New Relic,https://newrelic.com,https://newrelic.com/careers,https://newrelic.com/careers,,,
Noom,https://noom.com,,https://www.noom.com/careers/job-listings/?srsltid=AfmBOoopeZy5lmGjX6YQ_c3a2Dff8sASW3977SKXsxaDT9Uu91ZwXC_K,,,
Nike,https://nike.com,https://careers.nike.com/,https://careers.nike.com/jobs?filter%5Bcf_job_category%5D%5B0%5D=Corporate,,,
OffSite,https://offsite.com,,,,,
Notion,https://notion.com,https://www.notion.com/careers,https://www.notion.com/careers,,,
OpenAI,https://openai.co,https://openai.com/careers/,https://openai.com/careers/search/,,,
Omada Health,"https://www.omadahealth.com/, https://omadahealth.com, https://www.omadahealth.com/",https://www.omadahealth.com/about-us/careers,https://job-boards.greenhouse.io/omadahealth?__hstc=14001640.6b0e210de02cbcb8d64680825b3cca86.1641854920128.1642571950236.1642736722180.7&__hssc=14001640.2.1642736722180&__hsfp=465088625&hsCtaTracking=d16fba2a-7a83-4135-88b4-fa98c8897b40%7C3f781482-4ed7-4f09-8660-504fd5927a97,,,
OpenDoor,https://opendoor.com,,https://www.opendoor.com/careers/open-positions,,,
OpenFit,https://openfit.com,,,,,
OpenSesame,https://opensesame.com,,https://www.opensesame.com/about/careers/job-openings/,,,
OpenGov,https://opengov.com,,https://opengov.com/careers/,,,
Orca,,,,,,
Paycom,https://paycom.com,https://www.paycom.com/careers/,https://pc00.paycomonline.com/v4/ats/web.php/jobs?clientkey=A38173AIE92874820ALRE20847CDE927PIW76526&_gl=1*1lkql5v*_gcl_au*MTc4NzYxNTE4MC4xNzQzNjA0MTUz,,,
Pathstream,"https://pathstream.com/, https://pathstream.com, https://pathstream.com/",https://pathstream.com/careers,https://pathstream.com/careers#Viewopenpositions,,,
Paypal,https://paypal.com,https://careers.pypl.com/home/,,,,
Paylocity,https://paylocity.com,,,,,
Peak6,https://peak6.com,https://peak6.com/careers/,https://peak6.com/careers/,,,
Pearl,"https://www.hellopearl.com/, https://hellopearl.com, https://www.hellopearl.com/",https://www.hellopearl.com/careers,https://www.hellopearl.com/careers#Current-openings,,,
Philo,"philo.com, https://philo.com, philo.com",https://jobs.philo.com/,https://jobs.philo.com/jobs,,,
PermitFlow,"https://www.permitflow.com/, https://permitflow.com, https://www.permitflow.com/",https://jobs.ashbyhq.com/permitflow,https://jobs.ashbyhq.com/permitflow,,,
Postmates,https://boards.greenhouse.io,,https://boards.greenhouse.io/postmates/jobs/1486672,,,
Pinterest,https://pinterest.com,https://www.pinterestcareers.com/,https://www.pinterestcareers.com/jobs/,,,
Procore,https://procore.com,https://careers.procore.com/,https://careers.procore.com/jobs/search,,,
Prepared,"https://www.prepared911.com, https://prepared911.com, https://www.prepared911.com",https://www.prepared911.com/careers,https://www.prepared911.com/careers#open-positions,,,
Renew,"https://heyrenew.com/, https://heyrenew.com, https://heyrenew.com/",https://wellfound.com/company/renew-real-estate,https://wellfound.com/company/renew-real-estate,,,
Reddit,https://reddit.com,https://www.redditinc.com/careers,https://www.redditinc.com/careers,,,
Rivian,https://rivian.com,https://careers.rivian.com/careers-home/,https://careers.rivian.com/careers-home/jobs,,,
RideReport,https://ridereport.com,,https://jobs.lever.co/ridereport,,,
Riot Games,https://riotgames.com,https://www.riotgames.com/en/work-with-us,https://www.riotgames.com/en/work-with-us#job-list,,,
Robinhood,https://robinhood.com,https://careers.robinhood.com/,,,,
RoadRunner,"https://www.roadrunnerwm.com, https://roadrunnerwm.com, https://www.roadrunnerwm.com",https://www.roadrunnerwm.com/careers,https://ats.rippling.com/roadrunner-careers/jobs?__hstc=212683787.8fead270a354e0a892fa47434a2961c3.1687880294761.1689620636427.1689629395268.21&__hssc=212683787.1.1689629395268&__hsfp=1912911101&hsCtaTracking=2643f90d-296f-4b7f-ab61-decdd8d6bb9c%7C73cd68fe-4e8f-4342-819a-a90b816b61f1,,,
Ruby,https://ruby.com,https://www.ruby.com/careers/,https://ruby.applicantpro.com/jobs/,,,
Roblox,https://roblox.com,https://careers.roblox.com/,https://careers.roblox.com/jobs,,,
SAP,https://jobs.sap.com,https://jobs.sap.com/,https://jobs.sap.com/search/,,,
Samsara,"https://www.samsara.com, https://samsara.com, https://www.samsara.com",https://www.samsara.com/company/careers/roles,https://www.samsara.com/company/careers,,,
SQUIRE,,,,,,
Salesforce,https://salesforce.com,https://careers.salesforce.com/en/jobs/,https://careers.salesforce.com/en/jobs/,,,
Sendoso,https://sendoso.com,https://www.sendoso.com/sendoso-careers,https://sendoso.applytojob.com/apply,,,
SeatGeek,https://seatgeek.com,https://seatgeek.com/jobs,https://seatgeek.com/jobs,,,
Simple,https://simple.io,,https://www.simple.com/careers#openings,,,
Showcase,https://showcase.co,https://www.about.showwcase.com/careers,https://www.about.showwcase.com/careers,,,
Slack,https://slack.com,https://slack.com/careers,https://slack.com/careers#openings,,,
Skillsoft,,,,,,
SmartAsset,"https://smartasset.com/, https://smartasset.com, https://smartasset.com/",https://smartasset.com/careers,https://smartasset.com/careers,,,
Snap,https://careers.snap.com,https://careers.snap.com/,https://careers.snap.com/jobs,,,
SnapDocs,"https://www.snapdocs.com/, https://snapdocs.com, https://www.snapdocs.com/",https://www.snapdocs.com/careers,https://job-boards.greenhouse.io/snapdocs,,,
Sofar Ocean,"https://www.sofarocean.com/, https://sofarocean.com, https://www.sofarocean.com/",https://www.sofarocean.com/company/careers,https://job-boards.greenhouse.io/sofarocean,,,
Snapsheet,https://snapsheet.com,,,,,
SpaceX,https://spacex.com,https://www.spacex.com/careers/,https://www.spacex.com/careers/jobs/,,,
Solace,"solace.com, https://solace.com, solace.com",https://solace.com/careers/,https://solace.com/careers/,,,
Speridian Technologies,"https://www.speridian.com, https://speridian.com, https://www.speridian.com",https://www.speridian.com/careers,https://www.speridian.com/careers/openings/,,,
Sprout Social,"https://sproutsocial.com/, https://sproutsocial.com, https://sproutsocial.com/",https://sproutsocial.com/careers/,https://sproutsocial.com/careers/open-positions/,,,
Spreedly,"https://www.spreedly.com, https://spreedly.com, https://www.spreedly.com",https://www.spreedly.com/careers,https://www.spreedly.com/careers#positions,,,
Substack,https://substack.com,https://substack.com/jobs,https://substack.com/jobs#openings,,,
Stripe,https://stripe.com,,https://stripe.com/jobs,,,
Survey Monkey,https://surveymonkey.com,https://www.surveymonkey.com/careers/,,,,
Superhuman,https://superhuman.com,,,,,
TRM,"https://www.trmlabs.com/, https://trmlabs.com, https://www.trmlabs.com/",https://www.trmlabs.com/careers,https://www.trmlabs.com/careers#open-roles,,,
Teamworks,https://teamworks.com,https://teamworks.com/careers/,https://ats.rippling.com/teamworks-careers/jobs,,,
Tanium,https://tanium.com,https://www.tanium.com/careers/,https://www.tanium.com/careers/#jobs,,,
Taskus,https://taskus.com,https://www.taskus.com/en-us/careers/,,,,
TechnologyAdvice,https://technologyadvice.com,https://technologyadvice.com/careers,https://technologyadvice.com/careers/opportunities/,,,
Tesla,https://tesla.co,https://www.tesla.com/careers,https://www.tesla.com/careers/search/?,,,
Thorn,https://thorn.co,https://www.thorn.org/careers/,https://www.thorn.org/careers/#open-positions,,,
Thread,https://thread.com,,,,,
TikTok,https://tiktok.com,https://lifeattiktok.com/search?keyword=engineering+manager&recruitment_id_list=&job_category_id_list=&subject_id_list=&location_code_list=CT_94&limit=12&offset=24,https://lifeattiktok.com/,,,
Toast,https://toast.com,,,,,
Tomorrow Health,https://home.tomorrowhealth.com,https://home.tomorrowhealth.com/careers,https://job-boards.greenhouse.io/tomorrowhealth,,,
TrueAccord,"https://www.trueaccord.com/, https://trueaccord.com, https://www.trueaccord.com/",https://www.trueaccord.com/about-us/careers,https://jobs.lever.co/trueml,,,
Trello,https://trello.com,,,,,
Twilio,https://twilio.com,https://www.twilio.com/en-us/company/jobs,https://www.twilio.com/company/jobs#open-positions,,,
Trust & Will,https://trustwill.com,,,,,
Twitter,https://careers.x.com,https://careers.x.com/en,https://careers.x.com/en#positions,,,
Uber,"https://www.uber.com/, https://uber.com, https://www.uber.com/",https://www.uber.com/us/en/careers/,https://www.uber.com/us/en/careers/list/?query=&uclick_id=cbaf9a1c-e7e2-48bc-b05d-752e517fa758,,,
Underdog,https://underdog.io,,,,,
UnderArmour,https://underarmour.com,https://careers.underarmour.com/,https://careers.underarmour.com/search/?searchby=location&createNewAlert=false&q=&locationsearch=&geolocation=,,,
Unknown,,,,,,
Unlimited Software,,,,,,
Urban Airship,https://urbanairship.com,https://www.airship.com/company/careers/,https://www.airship.com/company/careers/,,,
ValiMail,"https://www.valimail.com, https://valimail.com, https://www.valimail.com",https://www.valimail.com/careers/,https://job-boards.greenhouse.io/valimailinc,,,
VMWare,https://vmware.com,,,,,
Vanguard,https://vanguard.com,https://www.vanguardjobs.com/,https://www.vanguardjobs.com/job-search-results/,,,
Vercel,https://vercel.com,,,,,
Vevo,https://vevo.com,https://www.hq.vevo.com/people,https://jobs.lever.co/vevo,,,
Visa,https://visa.com,https://usa.visa.com/careers.html,https://corporate.visa.com/en/jobs/,,,
Vimeo,https://vimeo.com,https://vimeo.com/careers,https://vimeo.com/careers/openings,,,
Walmart,https://walmart.com,https://www.wayfair.com/careers/jobs,,,,
Wayfair,https://aboutwayfair.com,https://www.aboutwayfair.com/careers,https://www.wayfair.com/careers/jobs,,,
Workday,"https://www.workday.com/, https://workday.com, https://www.workday.com/",https://www.workday.com/en-us/company/careers/overview.html,https://workday.wd5.myworkdayjobs.com/Workday/?source=Careers_Website,,,
Workiva,"https://www.workiva.com, https://workiva.com, https://www.workiva.com",https://www.workiva.com/careers,https://workiva.wd1.myworkdayjobs.com/careers,,,
Yum! Brands,,,,,,
Wrapbook,"https://www.wrapbook.com, https://wrapbook.com, https://www.wrapbook.com",https://www.wrapbook.com/careers,https://www.wrapbook.com/careers#open-positions,,,
ZenDesk,https://zendesk.com,https://www.zendesk.com/careers/,https://zendesk.wd1.myworkdayjobs.com/en-US/zendesk,,,
Zapier,https://zapier.com,https://zapier.com/jobs,https://zapier.com/jobs/#job-openings,,,
Zwift,https://zwift.com,https://www.zwift.com/careers,https://www.zwift.com/careers,,,
Zoom,https://zoom.com,https://careers.zoom.us/,https://careers.zoom.us/jobs/search,,,
Zillow,https://zillow.com,https://www.zillow.com/careers/,https://zillow.wd5.myworkdayjobs.com/Zillow_Group_External,,,
eBay,https://jobs.ebayinc.com,,https://jobs.ebayinc.com/us/en/search-results,,,
smartsheet,"https://www.smartsheet.com, https://smartsheet.com, https://www.smartsheet.com",https://www.smartsheet.com/careers,https://www.smartsheet.com/careers-list,,,
trueml,https://trueml.com,,,,,