Site,Job board,Platform Type,Location Focus,Location Type,Homepage
https://www.cybercoders.com/,https://www.cybercoders.com/,Recruiting Agency,,,https://www.cybercoders.com/
dice,https://dice.com,Marketplace,,,https://dice.com
ZipRecruiter,https://www.ziprecruiter.com/Search-Jobs-Near-Me,Contract Network,,,https://www.ziprecruiter.com/
hired,https://www.lhh.com/us/en/,Marketplace,,,https://www.lhh.com/us/en/
stackoverflow,https://stackoverflowjobs.com/,Aggregator,,,https://stackoverflowjobs.com/
linkedin,https://www.linkedin.com/jobs/,Aggregator,,,https://www.linkedin.com
indeed,https://www.indeed.com/,Aggregator,,,https://www.indeed.com/
glassdoor,https://www.glassdoor.com,Aggregator,,,https://www.glassdoor.com
remote|ok,https://remoteok.com/,Curator,Global,remote,https://remoteok.com/
Wellfound (fm AngelList),https://wellfound.com/,Marketplace,,,https://wellfound.com/
sitepoint,https://jobs.sitepoint.com/,Aggregator,,,https://sitepoint.com/
moonlight,https://www.moonlightwork.com/,Contract Network,,,https://www.moonlightwork.com/
a.team,https://www.a.team/join,Contract Network,,,https://www.a.team
turing,https://www.turing.com/jobs,Contract Network,,,https://www.turing.com
builtin,https://builtin.com,Aggregator,,,https://builtin.com
builtinaustin,https://www.builtinaustin.com/,Aggregator,Austin,,https://www.builtinaustin.com/
builtinboston,https://www.builtinboston.com/,Aggregator,Boston,,https://www.builtinboston.com/
builtincharlotte,https://builtincharlotte.com,Aggregator,Charlotte,,https://builtincharlotte.com
builtinchicago,https://www.builtinchicago.org/,Aggregator,Chicago,,https://www.builtinchicago.org/
builtincolorado,https://www.builtincolorado.com/,Aggregator,Colorado,,https://www.builtincolorado.com/
builtinla,https://www.builtinla.com/,Aggregator,Los Angeles,,https://www.builtinla.com/
builtinnyc,https://www.builtinnyc.com/,Aggregator,NYC,,https://www.builtinnyc.com/
builtinseattle,https://www.builtinseattle.com/,Aggregator,Seattle,,https://www.builtinseattle.com/
builtinsf,https://www.builtinsf.com/,Aggregator,SF,,https://www.builtinsf.com/
welcometothejungle,https://welcometothejungle.com/,Curator,,,https://welcometothejungle.com/
HiringCafe,https://hiring.cafe/,Aggregator,,,https://hiring.cafe/